mmsi,navigationalstatus,sog,cog,heading,shiptype,width,length,draught,cog_sin,cog_cos,heading_sin,heading_cos,heading_cog_diff,prediction,is_anomaly,anomaly_score
266273000,Under way using engine,4.9,114.3,112.0,Tanker,24.0,156.0,9.0,0.9114032766354453,-0.41151435860510877,0.9271838545667874,-0.37460659341591207,2.299999999999997,-1,True,0.004344883949947698
266465000,Under way using engine,6.8,98.9,106.0,Tanker,19.0,120.0,7.8,0.9879598657693891,-0.15471038629946815,0.9612616959383189,-0.27563735581699905,7.099999999999994,-1,True,0.04283877115946855
266465000,At anchor,0.1,303.1,196.0,Tanker,19.0,120.0,7.8,-0.8377187166204386,0.5461019610144293,-0.275637355816999,-0.9612616959383189,107.10000000000002,-1,True,0.13612654135969915
636018579,Under way using engine,5.1,109.6,105.0,Tanker,44.0,250.0,8.5,0.9420574527872967,-0.335451569750255,0.9659258262890683,-0.25881904510252085,4.599999999999994,-1,True,0.026545024266490747
266465000,Under way using engine,3.1,47.5,53.0,Tanker,19.0,120.0,7.8,0.7372773368101241,0.6755902076156602,0.7986355100472928,0.6018150231520484,5.5,-1,True,0.019384772011661666
266465000,Under way using engine,2.1,58.8,59.0,Tanker,19.0,120.0,7.8,0.8553642601605066,0.5180270093731303,0.8571673007021123,0.5150380749100542,0.20000000000000284,-1,True,0.007990387933860754
538006204,Under way using engine,9.7,113.3,103.0,Tanker,44.0,249.0,12.4,0.9184463813430872,-0.3955455025629649,0.9743700647852352,-0.22495105434386503,10.299999999999997,-1,True,0.029456186005209606
229880000,At anchor,0.2,9.0,273.0,Tanker,28.0,183.0,7.3,0.15643446504023087,0.9876883405951378,-0.9986295347545738,0.052335956242943946,96.0,-1,True,0.14296133452357074
265012140,Under way using engine,4.0,49.3,65.0,Tanker,19.0,100.0,5.7,0.7581343361976522,0.6520984038303922,0.9063077870366499,0.42261826174069944,15.700000000000003,-1,True,0.07018498109565785
265012140,Under way using engine,0.8,68.5,351.0,Tanker,19.0,100.0,5.7,0.9304175679820246,0.3665012267242973,-0.1564344650402311,0.9876883405951377,77.5,-1,True,0.130537810118577
219775000,Under way using engine,6.1,98.2,109.0,Tanker,22.0,147.0,7.1,0.989776230907789,-0.14262893370551158,0.9455185755993168,-0.32556815445715664,10.799999999999997,-1,True,0.060239764210839986
229880000,At anchor,0.1,230.5,218.0,Tanker,28.0,183.0,7.3,-0.77162458338772,-0.6360782202777638,-0.6156614753256582,-0.788010753606722,12.5,-1,True,0.058436275103058266
215909000,Under way using engine,3.8,17.0,32.0,Tanker,16.0,100.0,6.0,0.29237170472273677,0.9563047559630354,0.5299192642332049,0.848048096156426,15.0,-1,True,0.046841705976100156
215909000,Under way using engine,3.8,1.0,9.0,Tanker,16.0,100.0,6.0,0.01745240643728351,0.9998476951563913,0.15643446504023087,0.9876883405951378,8.0,-1,True,0.002363182975236522
215909000,Under way using engine,2.9,319.0,300.0,Tanker,16.0,100.0,6.0,-0.6560590289905074,0.7547095802227719,-0.8660254037844386,0.5000000000000001,19.0,-1,True,0.06912046269721239
215909000,Under way using engine,9.7,79.0,84.0,Tanker,16.0,100.0,4.7,0.981627183447664,0.19080899537654492,0.9945218953682733,0.10452846326765346,5.0,-1,True,0.004045700394557317
215909000,Under way using engine,10.9,79.0,73.0,Tanker,16.0,100.0,4.7,0.981627183447664,0.19080899537654492,0.9563047559630354,0.29237170472273677,6.0,-1,True,0.003108623985284331
215909000,Under way using engine,9.5,92.0,80.0,Tanker,16.0,100.0,4.7,0.9993908270190958,-0.034899496702500955,0.984807753012208,0.17364817766693041,12.0,-1,True,0.05164347820149395
215909000,Under way using engine,9.0,64.0,54.0,Tanker,16.0,100.0,4.7,0.898794046299167,0.43837114678907746,0.8090169943749475,0.5877852522924731,10.0,-1,True,0.012544074384985948
538006204,At anchor,0.1,225.0,1.0,Tanker,44.0,249.0,8.0,-0.7071067811865475,-0.7071067811865477,0.01745240643728351,0.9998476951563913,136.0,-1,True,0.12514006022413338
266465000,Under way using engine,7.8,327.1,353.0,Tanker,19.0,120.0,5.9,-0.5431744499506707,0.8396198645344132,-0.12186934340514723,0.9925461516413221,25.899999999999977,-1,True,0.019879731328090955
538006204,At anchor,0.0,54.0,212.0,Tanker,44.0,249.0,8.0,0.8090169943749475,0.5877852522924731,-0.5299192642332048,-0.8480480961564261,158.0,-1,True,0.13993700171945722
538006204,At anchor,0.1,247.2,236.0,Tanker,44.0,249.0,8.0,-0.9218631515885004,-0.3875155864521032,-0.8290375725550418,-0.5591929034707466,11.199999999999989,-1,True,0.0727187053534114
265012140,Under way using engine,5.1,317.8,307.0,Tanker,19.0,100.0,4.5,-0.67172058932299,0.7408045962867502,-0.798635510047293,0.6018150231520479,10.800000000000011,-1,True,0.022505604665347567
265012140,Under way using engine,5.3,315.1,307.0,Tanker,19.0,100.0,4.5,-0.7058715706786806,0.7083398377245292,-0.798635510047293,0.6018150231520479,8.100000000000023,-1,True,0.012180840947672356
265012140,Under way using engine,4.3,17.4,6.0,Tanker,19.0,100.0,4.5,0.29904079225608665,0.9542403285162769,0.10452846326765347,0.9945218953682733,11.399999999999999,-1,True,0.020546525508671643
265012140,Under way using engine,7.7,35.3,8.0,Tanker,19.0,100.0,4.5,0.5778576243835053,0.8161375900801603,0.13917310096006544,0.9902680687415704,27.299999999999997,-1,True,0.04342025816846473
538006204,At anchor,0.0,18.1,161.0,Tanker,44.0,249.0,8.0,0.31067642963073183,0.9505157316277837,0.3255681544571566,-0.9455185755993168,142.9,-1,True,0.12200687637944696
219355000,Moored,0.1,218.0,112.0,Tanker,14.0,93.0,5.4,-0.6156614753256582,-0.788010753606722,0.9271838545667874,-0.37460659341591207,106.0,-1,True,0.11781556445063868
265012140,Under way using engine,7.0,225.1,213.0,Tanker,19.0,100.0,5.0,-0.7083398377245287,-0.7058715706786811,-0.5446390350150271,-0.838670567945424,12.099999999999994,-1,True,0.006481922456276212
266466000,Under way using engine,5.1,283.0,292.0,Tanker,21.0,129.0,6.6,-0.9743700647852352,0.22495105434386492,-0.9271838545667874,0.37460659341591196,9.0,-1,True,0.049963615296609976
266466000,Under way using engine,4.2,32.0,59.0,Tanker,21.0,129.0,6.6,0.5299192642332049,0.848048096156426,0.8571673007021123,0.5150380749100542,27.0,-1,True,0.07856766382062075
266466000,Under way using engine,3.7,62.0,88.0,Tanker,21.0,129.0,6.6,0.8829475928589269,0.46947156278589086,0.9993908270190958,0.03489949670250108,26.0,-1,True,0.0994633134068138
538006204,At anchor,0.1,124.3,223.0,Tanker,44.0,249.0,8.0,0.8260982944957639,-0.5635260489375714,-0.6819983600624984,-0.7313537016191706,98.7,-1,True,0.12225208419924694
538006204,Under way using engine,7.2,270.9,269.0,Tanker,44.0,249.0,8.0,-0.9998766324816606,0.0157073173118204,-0.9998476951563913,-0.017452406437283498,1.8999999999999773,-1,True,0.006064549115070039
266465000,Under way using engine,3.2,250.2,267.0,Tanker,19.0,120.0,7.4,-0.9408807689542255,-0.33873792024529137,-0.9986295347545738,-0.052335956242944306,16.80000000000001,-1,True,0.08880616291863175
266476000,Under way using engine,5.2,43.0,50.0,Tanker,17.0,119.0,7.1,0.6819983600624985,0.7313537016191705,0.766044443118978,0.6427876096865394,7.0,-1,True,0.0028736577746997227
266476000,Under way using engine,1.7,66.0,24.0,Tanker,17.0,119.0,7.1,0.9135454576426009,0.4067366430758002,0.4067366430758002,0.9135454576426009,42.0,-1,True,0.10362677340954851
266476000,Under way using engine,5.2,241.0,252.0,Tanker,17.0,119.0,5.2,-0.8746197071393959,-0.48480962024633684,-0.9510565162951535,-0.30901699437494756,11.0,-1,True,0.06332054372067775
266476000,Under way using engine,3.9,323.0,313.0,Tanker,17.0,119.0,5.2,-0.6018150231520483,0.7986355100472928,-0.7313537016191703,0.6819983600624986,10.0,-1,True,0.021031073224124786
266454000,Under way using engine,4.5,352.2,335.0,Tanker,17.0,123.0,7.0,-0.13571557243430504,0.9907478404714435,-0.4226182617406992,0.90630778703665,17.19999999999999,-1,True,0.024511310636731065
220609000,Under way using engine,8.0,257.0,263.0,Tanker,15.0,91.0,6.5,-0.9743700647852351,-0.22495105434386525,-0.9925461516413221,-0.12186934340514717,6.0,-1,True,0.012602412342896274
219011922,Under way using engine,8.3,299.7,312.0,Tanker,13.0,83.0,4.2,-0.8686315144381915,0.4954586684324071,-0.7431448254773946,0.6691306063588578,12.300000000000011,-1,True,0.024232780153471523
265610040,At anchor,0.0,120.0,239.0,Tanker,13.0,80.0,6.1,0.8660254037844387,-0.4999999999999998,-0.8571673007021121,-0.5150380749100544,119.0,-1,True,0.1376949237062015
219775000,Under way using engine,12.0,232.2,247.0,Tanker,22.0,147.0,8.4,-0.7901550123756904,-0.6129070536529765,-0.9205048534524403,-0.3907311284892738,14.800000000000011,-1,True,0.03074465029942053
219355000,Under way using engine,4.7,355.0,341.0,Tanker,14.0,93.0,5.2,-0.08715574274765832,0.9961946980917455,-0.3255681544571567,0.9455185755993168,14.0,-1,True,0.0181651783411656
219011922,Moored,0.0,273.1,298.0,Tanker,13.0,83.0,4.2,-0.9985366703262117,0.05407881298477529,-0.8829475928589271,0.4694715627858904,24.899999999999977,-1,True,0.10242131242541175
219355000,Under way using engine,1.5,223.0,300.0,Tanker,14.0,93.0,5.2,-0.6819983600624984,-0.7313537016191706,-0.8660254037844386,0.5000000000000001,77.0,-1,True,0.12421950104879498
219355000,Under way using engine,4.7,11.0,0.0,Tanker,14.0,93.0,5.2,0.1908089953765448,0.981627183447664,0.0,1.0,11.0,-1,True,0.009875936573521371
215211000,Under way using engine,10.9,301.9,316.0,Tanker,17.0,104.0,6.1,-0.8489716876291415,0.5284383347223469,-0.6946583704589976,0.7193398003386509,14.100000000000023,-1,True,0.013786918840103302
219355000,Under way using engine,2.8,1.0,351.0,Tanker,14.0,93.0,5.2,0.01745240643728351,0.9998476951563913,-0.1564344650402311,0.9876883405951377,10.0,-1,True,0.02044138555533126
219011922,Under way using engine,11.1,91.1,96.0,Tanker,13.0,83.0,5.5,0.9998157121216442,-0.01919744239968952,0.9945218953682733,-0.10452846326765355,4.900000000000006,-1,True,0.0016491904239808175
219355000,Under way using engine,7.2,291.0,305.0,Tanker,14.0,93.0,5.2,-0.9335804264972017,0.3583679495453004,-0.8191520442889918,0.573576436351046,14.0,-1,True,0.046505695494733934
219355000,Under way using engine,6.3,285.0,303.0,Tanker,14.0,93.0,5.2,-0.9659258262890684,0.2588190451025203,-0.8386705679454243,0.5446390350150266,18.0,-1,True,0.06274044692132308
219355000,Under way using engine,6.2,284.0,302.0,Tanker,14.0,93.0,5.2,-0.9702957262759966,0.24192189559966742,-0.8480480961564261,0.5299192642332047,18.0,-1,True,0.06278737638804577
219355000,Under way using engine,6.9,287.0,301.0,Tanker,14.0,93.0,5.2,-0.9563047559630354,0.2923717047227367,-0.8571673007021123,0.5150380749100542,14.0,-1,True,0.053301888944005116
219355000,Under way using engine,7.0,291.0,301.0,Tanker,14.0,93.0,5.2,-0.9335804264972017,0.3583679495453004,-0.8571673007021123,0.5150380749100542,10.0,-1,True,0.02555526635347971
215760000,Under way using engine,6.7,289.2,294.0,Tanker,21.0,129.0,6.2,-0.9443763702374812,0.3288666467385827,-0.9135454576426011,0.40673664307579976,4.800000000000011,-1,True,0.0006792414180502027
215211000,Moored,0.0,274.1,36.0,Tanker,17.0,104.0,6.1,-0.997440782930944,0.07149744433268661,0.5877852522924731,0.8090169943749475,121.89999999999998,-1,True,0.13238237531120278
266465000,Under way using engine,4.9,39.9,48.0,Tanker,19.0,120.0,7.6,0.6414496315691578,0.7671651518152997,0.7431448254773942,0.6691306063588582,8.100000000000001,-1,True,0.012270985835826642
266465000,Under way using engine,0.7,92.8,128.0,Tanker,19.0,120.0,7.6,0.9988061373414341,-0.04884976979561327,0.788010753606722,-0.6156614753256583,35.2,-1,True,0.10303963340378786
215211000,Moored,3.1,54.5,51.0,Tanker,17.0,104.0,5.0,0.8141155183563192,0.5807029557109398,0.7771459614569709,0.6293203910498375,3.5,-1,True,0.0044566108582200226
538008784,Under way using engine,14.7,244.0,239.0,Tanker,50.0,274.0,9.4,-0.8987940462991668,-0.43837114678907774,-0.8571673007021121,-0.5150380749100544,5.0,-1,True,0.0002496916700590601
266466000,At anchor,0.1,207.0,297.0,Tanker,21.0,129.0,5.7,-0.45399049973954664,-0.8910065241883679,-0.891006524188368,0.45399049973954664,90.0,-1,True,0.13137405405849023
219011922,At anchor,0.0,112.4,255.0,Tanker,13.0,83.0,4.2,0.9245460336123131,-0.38107037635027413,-0.9659258262890683,-0.25881904510252063,142.6,-1,True,0.15130788063444234
219011922,At anchor,0.3,283.8,276.0,Tanker,13.0,83.0,4.2,-0.9711342799096361,0.2385334575785808,-0.9945218953682734,0.10452846326765299,7.800000000000011,-1,True,0.07029901175411857
219011922,Under way using engine,6.3,47.0,58.0,Tanker,13.0,83.0,4.2,0.7313537016191705,0.6819983600624985,0.8480480961564261,0.5299192642332049,11.0,-1,True,0.025413775045464382
219011922,Under way using engine,0.7,34.0,122.0,Tanker,13.0,83.0,4.2,0.5591929034707469,0.8290375725550417,0.8480480961564261,-0.5299192642332048,88.0,-1,True,0.11578047598037289
255806329,Under way using engine,3.6,78.0,74.0,Tanker,17.0,100.0,6.5,0.9781476007338056,0.20791169081775945,0.9612616959383189,0.27563735581699916,4.0,-1,True,0.0415946262269804
265610040,Under way using engine,0.0,192.5,292.0,Tanker,13.0,80.0,4.7,-0.21643961393810293,-0.9762960071199334,-0.9271838545667874,0.37460659341591196,99.5,-1,True,0.14066334088956867
265610040,Under way using engine,3.8,306.9,327.0,Tanker,13.0,80.0,4.7,-0.7996846584870907,0.6004202253258838,-0.544639035015027,0.838670567945424,20.100000000000023,-1,True,0.06347626786810656
265610040,Under way using engine,1.9,82.9,349.0,Tanker,13.0,80.0,4.7,0.9923319378854887,0.12360147674049261,-0.19080899537654467,0.981627183447664,93.89999999999998,-1,True,0.13905196871812853
244784000,Under way using engine,0.3,189.1,214.0,Tanker,16.0,99.0,6.5,-0.1581580672544833,-0.9874138067509115,-0.5591929034707467,-0.8290375725550417,24.900000000000006,-1,True,0.0586927810964043
219775000,Under way using engine,6.9,315.2,304.0,Tanker,22.0,147.0,6.5,-0.7046342099635949,0.7095707365365206,-0.8290375725550416,0.559192903470747,11.199999999999989,-1,True,0.011209794694236441
219775000,Under way using engine,4.7,350.4,337.0,Tanker,22.0,147.0,6.5,-0.16676874671610273,0.9859960370705049,-0.3907311284892739,0.9205048534524403,13.399999999999977,-1,True,0.011681384987006105
219775000,Under way using engine,4.7,350.7,337.0,Tanker,22.0,147.0,6.5,-0.16160382110336105,0.9868557164068072,-0.3907311284892739,0.9205048534524403,13.699999999999989,-1,True,0.012522914034585497
219775000,Under way using engine,4.0,344.9,319.0,Tanker,22.0,147.0,6.5,-0.26050450864264907,0.9654726308792249,-0.6560590289905074,0.7547095802227719,25.899999999999977,-1,True,0.052244599767289124
219775000,Under way using engine,5.3,4.4,344.0,Tanker,22.0,147.0,6.5,0.07671902812681865,0.9970527522269202,-0.27563735581699894,0.9612616959383189,20.399999999999977,-1,True,0.03611538338695364
219775000,Under way using engine,2.7,315.3,281.0,Tanker,22.0,147.0,6.5,-0.7033947028105036,0.7107994738729927,-0.9816271834476639,0.1908089953765451,34.30000000000001,-1,True,0.09616184685152451
219775000,At anchor,0.0,355.7,225.0,Tanker,22.0,147.0,6.5,-0.07497872682632771,0.9971851335251157,-0.7071067811865475,-0.7071067811865477,130.7,-1,True,0.13815112027777887
265610040,Under way using engine,5.7,300.9,294.0,Tanker,13.0,80.0,6.0,-0.858064905723645,0.5135412520581694,-0.9135454576426011,0.40673664307579976,6.899999999999977,-1,True,0.030155766098598824
266476000,Under way using engine,12.4,261.0,250.0,Tanker,17.0,119.0,5.0,-0.9876883405951377,-0.15643446504023104,-0.9396926207859084,-0.34202014332566855,11.0,-1,True,0.03370372991364956
538005397,Under way using engine,11.8,242.6,253.0,Tanker,27.0,184.0,6.8,-0.8878153851364015,-0.46019978478385143,-0.9563047559630353,-0.2923717047227371,10.400000000000006,-1,True,0.029475667702844266
257667000,Under way using engine,7.1,196.2,211.0,Tanker,23.0,144.0,6.5,-0.2789911060392289,-0.9602936856769432,-0.5150380749100542,-0.8571673007021123,14.800000000000011,-1,True,0.004918810036553145
257667000,Under way using engine,8.1,210.8,229.0,Tanker,23.0,144.0,6.5,-0.5120428648705717,-0.8589598969306643,-0.754709580222772,-0.6560590289905073,18.19999999999999,-1,True,0.00524359343217351
230689000,Under way using engine,9.8,40.1,26.0,Tanker,24.0,156.0,9.5,0.6441236297613865,0.7649214009184319,0.4383711467890774,0.898794046299167,14.100000000000001,-1,True,0.0008769975254176998
266476000,Under way using engine,8.3,91.0,87.0,Tanker,17.0,119.0,5.0,0.9998476951563913,-0.017452406437283477,0.9986295347545738,0.052335956242943966,4.0,-1,True,0.012878490960244293
266476000,Under way using engine,8.7,87.0,83.0,Tanker,17.0,119.0,5.0,0.9986295347545738,0.052335956242943966,0.992546151641322,0.12186934340514749,4.0,-1,True,0.011650352646595752
266476000,Under way using engine,8.6,88.0,79.0,Tanker,17.0,119.0,5.0,0.9993908270190958,0.03489949670250108,0.981627183447664,0.19080899537654492,9.0,-1,True,0.04561614942760506
266476000,Under way using engine,8.0,80.0,68.0,Tanker,17.0,119.0,5.0,0.984807753012208,0.17364817766693041,0.9271838545667874,0.37460659341591196,12.0,-1,True,0.045928843160733424
215516000,Under way using engine,8.8,77.0,77.0,Tanker,13.0,93.0,5.4,0.9743700647852352,0.22495105434386492,0.9743700647852352,0.22495105434386492,0.0,-1,True,0.0055183647496619415
215516000,Under way using engine,8.8,48.0,70.0,Tanker,13.0,93.0,5.4,0.7431448254773942,0.6691306063588582,0.9396926207859083,0.3420201433256688,22.0,-1,True,0.04826818121835863
257667000,Under way using engine,7.8,233.7,244.0,Tanker,23.0,144.0,6.5,-0.8059282822485159,-0.5920131787992194,-0.8987940462991668,-0.43837114678907774,10.300000000000011,-1,True,0.025306808375575418
215516000,Under way using engine,11.6,49.0,34.0,Tanker,13.0,93.0,5.4,0.754709580222772,0.6560590289905073,0.5591929034707469,0.8290375725550417,15.0,-1,True,0.004118316671108624
266476000,Under way using engine,7.4,93.0,93.0,Tanker,17.0,119.0,5.0,0.9986295347545738,-0.05233595624294384,0.9986295347545738,-0.05233595624294384,0.0,-1,True,0.01806171570323767
257667000,Under way using engine,11.2,248.9,265.0,Tanker,23.0,144.0,6.5,-0.9329535348254889,-0.3599968081200515,-0.9961946980917455,-0.08715574274765825,16.099999999999994,-1,True,0.04834725510567095
266476000,Under way using engine,14.2,90.0,94.0,Tanker,17.0,119.0,6.7,1.0,6.123233995736766e-17,0.9975640502598242,-0.06975647374412533,4.0,-1,True,0.008994743424657559
266476000,Under way using engine,14.1,91.0,99.0,Tanker,17.0,119.0,6.7,0.9998476951563913,-0.017452406437283477,0.9876883405951378,-0.1564344650402308,8.0,-1,True,0.03559508838605585
244784000,Under way using engine,8.3,301.5,293.0,Tanker,16.0,99.0,6.4,-0.8526401643540921,0.522498564715949,-0.9205048534524405,0.3907311284892735,8.5,-1,True,0.012549295432696339
538009153,Under way using engine,5.6,209.6,221.0,Tanker,44.0,250.0,8.8,-0.4939418665842307,-0.8694949295052191,-0.656059028990507,-0.7547095802227721,11.400000000000006,-1,True,0.008075403243026025
538009153,Under way using engine,4.5,228.3,249.0,Tanker,44.0,250.0,8.8,-0.7466381822853916,-0.6652303546543606,-0.9335804264972016,-0.3583679495453007,20.69999999999999,-1,True,0.07347078799028062
538009153,Under way using engine,2.5,224.0,240.0,Tanker,44.0,250.0,8.8,-0.6946583704589973,-0.7193398003386511,-0.8660254037844385,-0.5000000000000004,16.0,-1,True,0.06719276231371663
265012140,Under way using engine,4.3,225.0,215.0,Tanker,19.0,100.0,5.0,-0.7071067811865475,-0.7071067811865477,-0.5735764363510462,-0.8191520442889918,10.0,-1,True,0.017015404760390096
244784000,Under way using engine,4.8,292.4,297.0,Tanker,16.0,99.0,5.5,-0.9245460336123134,0.38107037635027363,-0.891006524188368,0.45399049973954664,4.600000000000023,-1,True,0.014254732876187948
244784000,Under way using engine,0.5,185.9,216.0,Tanker,16.0,99.0,5.5,-0.10279253678724694,-0.9947028171171742,-0.587785252292473,-0.8090169943749475,30.099999999999994,-1,True,0.06836045525904433
257667000,Under way using engine,12.4,84.3,79.0,Tanker,23.0,144.0,6.0,0.9950555699612262,0.0993197497436391,0.981627183447664,0.19080899537654492,5.299999999999997,-1,True,0.0034061523343399402
266465000,Under way using engine,12.0,257.8,265.0,Tanker,19.0,120.0,7.4,-0.9774158942860959,-0.2113247964553889,-0.9961946980917455,-0.08715574274765825,7.199999999999989,-1,True,0.004492301918632036
266465000,Under way using engine,14.5,84.6,81.0,Tanker,19.0,120.0,5.5,0.99556196460308,0.0941083133185145,0.9876883405951378,0.15643446504023092,3.5999999999999943,-1,True,0.00599059642150368
266465000,Under way using engine,13.9,102.2,97.0,Tanker,19.0,120.0,5.5,0.9774158942860959,-0.21132479645538865,0.9925461516413221,-0.12186934340514737,5.200000000000003,-1,True,0.017043944482181494
265610040,Under way using engine,1.6,203.6,189.0,Tanker,13.0,80.0,4.2,-0.40034903255689497,-0.9163627295622396,-0.15643446504023073,-0.9876883405951378,14.599999999999994,-1,True,0.03991361876244659
219011922,Under way using engine,4.5,106.8,108.0,Tanker,13.0,83.0,5.7,0.9573194975320672,-0.2890317969444715,0.9510565162951536,-0.30901699437494734,1.2000000000000028,-1,True,0.02276070212074177
265012140,Under way using engine,5.4,302.3,278.0,Tanker,19.0,100.0,6.0,-0.845261833221856,0.5343523493898266,-0.9902680687415704,0.13917310096006547,24.30000000000001,-1,True,0.08244395618343159
265012140,Moored,0.0,311.8,28.0,Tanker,19.0,100.0,4.5,-0.7454759996828624,0.6665324702494523,0.4694715627858908,0.882947592858927,76.19999999999999,-1,True,0.11029203479418592
257667000,Moored,0.0,126.5,284.0,Tanker,23.0,144.0,6.4,0.8038568606172174,-0.5948227867513411,-0.9702957262759966,0.24192189559966742,157.5,-1,True,0.14370034691506528
266466000,Under way using engine,10.4,283.0,277.0,Tanker,21.0,129.0,5.5,-0.9743700647852352,0.22495105434386492,-0.992546151641322,0.12186934340514768,6.0,-1,True,0.003940204618325671
249652000,Under way using engine,6.8,49.3,56.0,Tanker,27.0,180.0,8.3,0.7581343361976522,0.6520984038303922,0.8290375725550417,0.5591929034707468,6.700000000000003,-1,True,0.003561328680279252
538004172,Under way using engine,3.9,114.0,118.0,Tanker,44.0,250.0,12.2,0.9135454576426009,-0.40673664307580026,0.8829475928589269,-0.4694715627858909,4.0,-1,True,0.022750739760737382
219775000,Under way using engine,6.0,7.5,352.0,Tanker,22.0,147.0,6.5,0.13052619222005157,0.9914448613738104,-0.13917310096006588,0.9902680687415703,15.5,-1,True,0.024604401791160524
219775000,Under way using engine,3.7,290.8,268.0,Tanker,22.0,147.0,6.5,-0.9348256763960143,0.3551069624081373,-0.9993908270190958,-0.03489949670250076,22.80000000000001,-1,True,0.09568682066618028
219775000,At anchor,0.3,350.5,276.0,Tanker,22.0,147.0,6.5,-0.16504760586067735,0.9862856015372314,-0.9945218953682734,0.10452846326765299,74.5,-1,True,0.12755353058094898
265012140,Under way using engine,1.6,197.2,230.0,Tanker,19.0,100.0,4.6,-0.29570805004404654,-0.9552783621223437,-0.7660444431189779,-0.6427876096865395,32.80000000000001,-1,True,0.0640956012625955
219775000,At anchor,0.4,132.4,217.0,Tanker,22.0,147.0,6.5,0.7384553406258838,-0.6743023875837234,-0.6018150231520484,-0.7986355100472928,84.6,-1,True,0.10192420645986633
266466000,Moored,0.0,284.0,300.0,Tanker,21.0,129.0,5.5,-0.9702957262759966,0.24192189559966742,-0.8660254037844386,0.5000000000000001,16.0,-1,True,0.08401577566536189
219011922,Under way using engine,6.6,107.0,110.0,Tanker,13.0,83.0,5.7,0.9563047559630355,-0.29237170472273666,0.9396926207859084,-0.3420201433256687,3.0,-1,True,0.0034660869618596823
266466000,Under way using engine,5.1,305.0,311.0,Tanker,21.0,129.0,8.2,-0.8191520442889918,0.573576436351046,-0.7547095802227722,0.656059028990507,6.0,-1,True,0.011567229390958889
266466000,Under way using engine,4.3,13.0,357.0,Tanker,21.0,129.0,5.4,0.224951054343865,0.9743700647852352,-0.05233595624294437,0.9986295347545738,16.0,-1,True,0.037130274609946
265610040,Under way using engine,6.5,300.4,289.0,Tanker,13.0,80.0,5.0,-0.8625136692072576,0.5060337641211635,-0.945518575599317,0.3255681544571563,11.399999999999977,-1,True,0.04716823073525822
219355000,Moored,0.1,350.0,262.0,Tanker,14.0,93.0,6.3,-0.1736481776669304,0.984807753012208,-0.9902680687415703,-0.13917310096006583,88.0,-1,True,0.13745713367874468
219011922,Under way using engine,6.7,235.2,243.0,Tanker,13.0,83.0,4.2,-0.8211492091337037,-0.5707135676844322,-0.8910065241883678,-0.4539904997395469,7.800000000000011,-1,True,0.01726209542090329
248439000,Under way using engine,9.2,248.5,241.0,Tanker,20.0,129.0,6.4,-0.9304175679820246,-0.3665012267242972,-0.8746197071393959,-0.48480962024633684,7.5,-1,True,0.0019362078955380557
248439000,Under way using engine,6.1,242.0,236.0,Tanker,20.0,129.0,6.4,-0.882947592858927,-0.46947156278589075,-0.8290375725550418,-0.5591929034707466,6.0,-1,True,0.012016403800775732
566579000,Under way using engine,6.3,136.0,150.0,Tanker,28.0,184.0,6.7,0.6946583704589971,-0.7193398003386513,0.49999999999999994,-0.8660254037844387,14.0,-1,True,0.0014903345847649963
566579000,Under way using engine,5.8,136.2,149.0,Tanker,28.0,184.0,6.7,0.6921431738704068,-0.7217602280983622,0.5150380749100544,-0.8571673007021122,12.800000000000011,-1,True,0.004155064955471799
538005799,Under way using engine,13.1,24.3,8.0,Tanker,17.0,100.0,5.0,0.4115143586051088,0.9114032766354453,0.13917310096006544,0.9902680687415704,16.3,-1,True,0.00502381332621471
219775000,Under way using engine,4.3,337.5,327.0,Tanker,22.0,147.0,6.5,-0.38268343236508956,0.9238795325112868,-0.544639035015027,0.838670567945424,10.5,-1,True,0.006338638872370628
219775000,Under way using engine,4.2,321.8,311.0,Tanker,22.0,147.0,6.5,-0.6184083953575539,0.7858568931754021,-0.7547095802227722,0.656059028990507,10.800000000000011,-1,True,0.030571253995829717
219775000,Under way using engine,4.2,325.0,312.0,Tanker,22.0,147.0,6.5,-0.5735764363510465,0.8191520442889916,-0.7431448254773946,0.6691306063588578,13.0,-1,True,0.04353592325040123
219775000,Under way using engine,4.9,325.2,314.0,Tanker,22.0,147.0,6.5,-0.5707135676844322,0.8211492091337037,-0.7193398003386511,0.6946583704589973,11.199999999999989,-1,True,0.018404052053631492
219775000,Under way using engine,4.9,328.3,314.0,Tanker,22.0,147.0,6.5,-0.5254716510722675,0.8508111094240515,-0.7193398003386511,0.6946583704589973,14.300000000000011,-1,True,0.03669612818047108
219775000,Under way using engine,4.0,328.1,313.0,Tanker,22.0,147.0,6.5,-0.5284383347223466,0.8489716876291419,-0.7313537016191703,0.6819983600624986,15.100000000000023,-1,True,0.043342857468622986
219775000,Under way using engine,3.8,326.0,313.0,Tanker,22.0,147.0,6.5,-0.5591929034707466,0.8290375725550418,-0.7313537016191703,0.6819983600624986,13.0,-1,True,0.041710914011945266
219775000,Under way using engine,4.1,326.3,309.0,Tanker,22.0,147.0,6.5,-0.5548444274479993,0.8319541221304825,-0.7771459614569708,0.6293203910498375,17.30000000000001,-1,True,0.05529038497297534
219775000,Under way using engine,9.4,63.3,72.0,Tanker,22.0,147.0,6.5,0.8933713883278375,0.44931899861589675,0.9510565162951535,0.30901699437494745,8.700000000000003,-1,True,0.013691138938901726
219775000,Under way using engine,9.2,61.6,72.0,Tanker,22.0,147.0,6.5,0.8796485728666165,0.4756242090702753,0.9510565162951535,0.30901699437494745,10.399999999999999,-1,True,0.021725885543181445
566577000,Under way using engine,12.2,98.1,104.0,Tanker,28.0,184.0,6.6,0.9900236577165576,-0.14090123193758247,0.9702957262759965,-0.24192189559966779,5.900000000000006,-1,True,0.006393065210091753
265610040,Under way using engine,5.0,162.2,180.0,Tanker,13.0,80.0,3.8,0.305695304963106,-0.9521293927421386,1.2246467991473532e-16,-1.0,17.80000000000001,-1,True,0.010181455613350154
219355000,Under way using engine,5.0,327.0,337.0,Tanker,14.0,93.0,5.2,-0.544639035015027,0.838670567945424,-0.3907311284892739,0.9205048534524403,10.0,-1,True,0.0017117216677865477
265012140,Under way using engine,9.7,273.1,282.0,Tanker,19.0,100.0,5.3,-0.9985366703262117,0.05407881298477529,-0.9781476007338056,0.20791169081775943,8.899999999999977,-1,True,0.02534000446292295
257550000,Under way using engine,8.0,300.7,293.0,Tanker,20.0,129.0,6.4,-0.8598522715968737,0.5105429179116052,-0.9205048534524405,0.3907311284892735,7.699999999999989,-1,True,0.010528633638621665
257550000,Under way using engine,5.1,291.4,287.0,Tanker,20.0,129.0,6.4,-0.9310558158625284,0.36487678433761933,-0.9563047559630354,0.2923717047227367,4.399999999999977,-1,True,0.0242860189185361
236514000,Under way using engine,11.4,92.4,85.0,Tanker,24.0,149.0,6.5,0.9991228300988584,-0.04187565372919962,0.9961946980917455,0.08715574274765814,7.400000000000006,-1,True,0.019894857698278923
257550000,Under way using engine,13.6,98.7,94.0,Tanker,20.0,129.0,6.3,0.9884938868086836,-0.15126082024721924,0.9975640502598242,-0.06975647374412533,4.700000000000003,-1,True,0.011547902517320852
266465000,Under way using engine,2.3,61.2,60.0,Tanker,19.0,120.0,7.4,0.8763066800438637,0.48175367410171516,0.8660254037844386,0.5000000000000001,1.2000000000000028,-1,True,0.006150090414477782
266465000,Moored,0.0,40.4,48.0,Tanker,19.0,120.0,6.4,0.6481199010631309,0.7615383075367368,0.7431448254773942,0.6691306063588582,7.600000000000001,-1,True,0.029804028828597007
249557000,Under way using engine,9.3,106.3,113.0,Tanker,26.0,180.0,8.5,0.9598052919751869,-0.28066670892078777,0.9205048534524403,-0.3907311284892738,6.700000000000003,-1,True,0.009334180106625456
266465000,Under way using engine,0.9,323.6,139.0,Tanker,19.0,120.0,6.3,-0.5934188866037012,0.8048937973559143,0.6560590289905073,-0.754709580222772,175.39999999999998,-1,True,0.13195363534562832
249557000,Under way using engine,15.8,266.4,265.0,Tanker,26.0,180.0,8.5,-0.9980267284282716,-0.0627905195293141,-0.9961946980917455,-0.08715574274765825,1.3999999999999773,-1,True,0.018515585544007118
220609000,Under way using engine,0.0,200.0,181.0,Tanker,15.0,91.0,5.8,-0.34202014332566866,-0.9396926207859084,-0.017452406437283637,-0.9998476951563913,19.0,-1,True,0.04754298647962296
265012140,Under way using engine,2.7,238.0,222.0,Tanker,19.0,100.0,6.3,-0.848048096156426,-0.529919264233205,-0.6691306063588582,-0.7431448254773942,16.0,-1,True,0.06408869514259596
265012140,Under way using engine,5.8,261.5,236.0,Tanker,19.0,100.0,5.8,-0.9890158633619168,-0.14780941112961046,-0.8290375725550418,-0.5591929034707466,25.5,-1,True,0.07550888161458758
265012140,Under way using engine,3.1,226.9,193.0,Tanker,19.0,100.0,5.8,-0.7301622766207524,-0.6832737736807991,-0.22495105434386498,-0.9743700647852352,33.900000000000006,-1,True,0.06550544555527527
265610040,Under way using engine,1.2,16.8,116.0,Tanker,13.0,80.0,4.3,0.2890317969444716,0.9573194975320672,0.8987940462991669,-0.4383711467890775,99.2,-1,True,0.13399469607251036
265012140,Under way using engine,2.3,114.8,122.0,Tanker,19.0,100.0,5.3,0.9077774785329086,-0.4194520824461772,0.8480480961564261,-0.5299192642332048,7.200000000000003,-1,True,0.0419412397729666
265610040,At anchor,0.0,306.0,201.0,Tanker,13.0,80.0,4.3,-0.8090169943749476,0.5877852522924729,-0.35836794954530043,-0.9335804264972017,105.0,-1,True,0.13172048486554122
538005397,Under way using engine,13.6,79.6,85.0,Tanker,27.0,184.0,6.8,0.9835714708133859,0.18051914525056006,0.9961946980917455,0.08715574274765814,5.400000000000006,-1,True,0.01313017755382262
538005397,Under way using engine,11.1,78.3,84.0,Tanker,27.0,184.0,6.8,0.9792228106217657,0.2027872953565125,0.9945218953682733,0.10452846326765346,5.700000000000003,-1,True,0.004076766476108773
538005397,Under way using engine,5.7,55.3,72.0,Tanker,27.0,184.0,6.8,0.8221440410307373,0.5692795234308443,0.9510565162951535,0.30901699437494745,16.700000000000003,-1,True,0.06614702008278983
538005397,Under way using engine,3.8,119.9,149.0,Tanker,27.0,184.0,6.8,0.8668967489356029,-0.4984877397538302,0.5150380749100544,-0.8571673007021122,29.099999999999994,-1,True,0.06398661756701007
265012140,Under way using engine,6.0,304.8,275.0,Tanker,19.0,100.0,6.2,-0.8211492091337039,0.5707135676844318,-0.9961946980917455,0.08715574274765789,29.80000000000001,-1,True,0.08817558545865534
219355000,Under way using engine,9.7,95.0,101.0,Tanker,14.0,93.0,5.7,0.9961946980917455,-0.08715574274765824,0.981627183447664,-0.1908089953765448,6.0,-1,True,0.012515435365960559
219355000,Under way using engine,7.3,94.0,105.0,Tanker,14.0,93.0,5.7,0.9975640502598242,-0.06975647374412533,0.9659258262890683,-0.25881904510252085,11.0,-1,True,0.05339448466061103
219355000,Under way using engine,9.5,89.0,93.0,Tanker,14.0,93.0,5.7,0.9998476951563913,0.0174524064372836,0.9986295347545738,-0.05233595624294384,4.0,-1,True,0.00627461916638461
265012140,Moored,0.0,68.6,143.0,Tanker,19.0,100.0,6.3,0.9310558158625283,0.3648767843376198,0.6018150231520482,-0.7986355100472929,74.4,-1,True,0.11656859620693427
244784000,Under way using engine,7.3,60.8,67.0,Tanker,16.0,99.0,6.3,0.8729220772698096,0.48785965913873275,0.9205048534524404,0.3907311284892737,6.200000000000003,-1,True,0.011309466489178077
